-- Adminer 4.2.3 MySQL dump

SET NAMES utf8;
SET time_zone = '+00:00';
SET foreign_key_checks = 0;
SET sql_mode = 'NO_AUTO_VALUE_ON_ZERO';

USE `arip`;

DROP TABLE IF EXISTS `dashboard`;
CREATE TABLE `dashboard` (
  `id` int(1) NOT NULL AUTO_INCREMENT,
  `Title` varchar(80) NOT NULL,
  `welcome_message` text NOT NULL,
  PRIMARY KEY (`id`)
) ENGINE=InnoDB DEFAULT CHARSET=latin1;


DROP TABLE IF EXISTS `final_relasi`;
CREATE TABLE `final_relasi` (
  `id` int(7) NOT NULL AUTO_INCREMENT,
  `id_rel_sma` int(7) NOT NULL,
  `id_rel_kampus` int(7) NOT NULL,
  PRIMARY KEY (`id`)
) ENGINE=InnoDB DEFAULT CHARSET=latin1;

INSERT INTO `final_relasi` (`id`, `id_rel_sma`, `id_rel_kampus`) VALUES
(1,	1,	1),
(2,	1,	2),
(3,	1,	3),
(4,	1,	4),
(5,	1,	5),
(6,	1,	6),
(7,	1,	7),
(8,	1,	8),
(9,	1,	9),
(10,	1,	10),
(11,	1,	11),
(12,	1,	12),
(13,	1,	13),
(14,	1,	14),
(15,	1,	15),
(16,	1,	16),
(17,	1,	17),
(18,	1,	18),
(19,	1,	19),
(20,	1,	20),
(21,	1,	21),
(22,	1,	22),
(23,	1,	23),
(24,	1,	24),
(25,	1,	25),
(26,	1,	26),
(27,	1,	27),
(28,	1,	28),
(29,	1,	29),
(30,	1,	30),
(31,	1,	31),
(32,	1,	32),
(33,	1,	33),
(34,	1,	34),
(35,	1,	35),
(36,	1,	36),
(37,	1,	37),
(38,	1,	38),
(39,	1,	39),
(40,	1,	40),
(41,	1,	41),
(42,	1,	42),
(43,	1,	43),
(44,	1,	44),
(45,	1,	45),
(46,	1,	46),
(47,	1,	47),
(48,	1,	48),
(49,	1,	49),
(50,	1,	50),
(51,	1,	51),
(52,	1,	52),
(53,	1,	53),
(54,	1,	54),
(55,	1,	55),
(56,	1,	56),
(57,	1,	57),
(58,	1,	58),
(59,	1,	59),
(60,	1,	60),
(61,	1,	61),
(62,	1,	62),
(63,	1,	63),
(64,	1,	64),
(65,	1,	65),
(66,	1,	66),
(67,	1,	67),
(68,	1,	68),
(69,	1,	69),
(70,	1,	70),
(71,	1,	71),
(72,	1,	72),
(73,	1,	73),
(74,	1,	74),
(75,	1,	75),
(76,	1,	76),
(77,	1,	77),
(78,	1,	78),
(79,	1,	79),
(80,	1,	80),
(81,	1,	81),
(82,	1,	82),
(83,	1,	83),
(84,	1,	84),
(85,	1,	85),
(86,	1,	86),
(87,	1,	87),
(88,	1,	88),
(89,	1,	89),
(90,	1,	90),
(91,	2,	2),
(92,	2,	33),
(93,	3,	2),
(94,	3,	30),
(95,	3,	31),
(96,	3,	33),
(97,	4,	2),
(98,	4,	33),
(99,	5,	1),
(100,	5,	16),
(101,	5,	29),
(102,	5,	32),
(103,	6,	1),
(104,	6,	4),
(105,	6,	5),
(106,	6,	6),
(107,	6,	7),
(108,	6,	8),
(109,	6,	9),
(110,	6,	12),
(111,	6,	13),
(112,	6,	14),
(113,	6,	15),
(114,	6,	16),
(115,	6,	17),
(116,	6,	18),
(117,	6,	19),
(118,	6,	20),
(119,	6,	21),
(120,	6,	22),
(121,	6,	32),
(122,	7,	1),
(123,	7,	32),
(124,	8,	2),
(125,	8,	30),
(126,	8,	31),
(127,	8,	33),
(128,	9,	2),
(129,	9,	33),
(130,	10,	1),
(131,	10,	32),
(132,	11,	1),
(133,	11,	4),
(134,	11,	5),
(135,	11,	6),
(136,	11,	7),
(137,	11,	8),
(138,	11,	9),
(139,	11,	12),
(140,	11,	13),
(141,	11,	14),
(142,	11,	15),
(143,	11,	16),
(144,	11,	17),
(145,	11,	18),
(146,	11,	19),
(147,	11,	20),
(148,	11,	21),
(149,	11,	22),
(150,	11,	32),
(151,	12,	2),
(152,	12,	3),
(153,	12,	26),
(154,	12,	33),
(155,	12,	34),
(156,	13,	1),
(157,	13,	2),
(158,	13,	3),
(159,	13,	32),
(160,	13,	33),
(161,	13,	34),
(162,	14,	1),
(163,	14,	23),
(164,	14,	24),
(165,	14,	43),
(166,	15,	1),
(167,	15,	4),
(168,	15,	5),
(169,	15,	6),
(170,	15,	7),
(171,	15,	8),
(172,	15,	9),
(173,	15,	12),
(174,	15,	13),
(175,	15,	14),
(176,	15,	15),
(177,	15,	16),
(178,	15,	17),
(179,	15,	18),
(180,	15,	19),
(181,	15,	20),
(182,	15,	21),
(183,	15,	22),
(184,	15,	32),
(185,	16,	2),
(186,	16,	33),
(187,	17,	1),
(188,	17,	6),
(189,	17,	7),
(190,	17,	9),
(191,	17,	19),
(192,	17,	20),
(193,	17,	21),
(194,	17,	22),
(195,	17,	32),
(196,	18,	1),
(197,	18,	23),
(198,	18,	24),
(199,	18,	32),
(200,	19,	1),
(201,	19,	23),
(202,	19,	24),
(203,	19,	32),
(204,	20,	2),
(205,	20,	30),
(206,	20,	31),
(207,	20,	33),
(208,	21,	2),
(209,	21,	33),
(210,	22,	1),
(211,	22,	2),
(212,	22,	3),
(213,	22,	4),
(214,	22,	5),
(215,	22,	6),
(216,	22,	7),
(217,	22,	8),
(218,	22,	9),
(219,	22,	10),
(220,	22,	11),
(221,	22,	12),
(222,	22,	13),
(223,	22,	14),
(224,	22,	15),
(225,	22,	16),
(226,	22,	17),
(227,	22,	18),
(228,	22,	19),
(229,	22,	20),
(230,	22,	21),
(231,	22,	22),
(232,	22,	23),
(233,	22,	24),
(234,	22,	25),
(235,	22,	26),
(236,	22,	27),
(237,	22,	28),
(238,	22,	29),
(239,	22,	30),
(240,	22,	31),
(241,	22,	32),
(242,	22,	33),
(243,	22,	34),
(244,	22,	35),
(245,	22,	36),
(246,	22,	37),
(247,	22,	38),
(248,	22,	39),
(249,	22,	40),
(250,	22,	41),
(251,	22,	42),
(252,	22,	43),
(253,	22,	44),
(254,	22,	45),
(255,	22,	46),
(256,	22,	47),
(257,	22,	48),
(258,	22,	49),
(259,	22,	50),
(260,	22,	51),
(261,	22,	52),
(262,	22,	53),
(263,	22,	54),
(264,	22,	55),
(265,	22,	56),
(266,	22,	57),
(267,	22,	58),
(268,	22,	59),
(269,	22,	60),
(270,	22,	61),
(271,	22,	62),
(272,	22,	63),
(273,	22,	64),
(274,	22,	65),
(275,	22,	66),
(276,	22,	67),
(277,	22,	68),
(278,	22,	69),
(279,	22,	70),
(280,	22,	71),
(281,	22,	72),
(282,	22,	73),
(283,	22,	74),
(284,	22,	75),
(285,	22,	76),
(286,	22,	77),
(287,	22,	78),
(288,	22,	79),
(289,	22,	80),
(290,	22,	81),
(291,	22,	82),
(292,	22,	83),
(293,	22,	84),
(294,	22,	85),
(295,	22,	86),
(296,	22,	87),
(297,	22,	88),
(298,	22,	89),
(299,	22,	90),
(300,	23,	3),
(301,	23,	26),
(302,	23,	34),
(303,	24,	1),
(304,	24,	4),
(305,	24,	5),
(306,	24,	6),
(307,	24,	7),
(308,	24,	8),
(309,	24,	9),
(310,	24,	12),
(311,	24,	13),
(312,	24,	14),
(313,	24,	15),
(314,	24,	16),
(315,	24,	17),
(316,	24,	18),
(317,	24,	19),
(318,	24,	20),
(319,	24,	21),
(320,	24,	22),
(321,	24,	32),
(322,	25,	2),
(323,	25,	33),
(324,	26,	1),
(325,	26,	4),
(326,	26,	5),
(327,	26,	6),
(328,	26,	7),
(329,	26,	8),
(330,	26,	9),
(331,	26,	12),
(332,	26,	13),
(333,	26,	14),
(334,	26,	15),
(335,	26,	16),
(336,	26,	17),
(337,	26,	18),
(338,	26,	19),
(339,	26,	20),
(340,	26,	21),
(341,	26,	22),
(342,	26,	32),
(343,	27,	1),
(344,	27,	32),
(345,	28,	2),
(346,	28,	30),
(347,	28,	31),
(348,	28,	33),
(349,	29,	32),
(350,	29,	33),
(351,	29,	34),
(352,	30,	2),
(353,	30,	32),
(354,	30,	33),
(355,	30,	34),
(356,	31,	32),
(357,	31,	33),
(358,	31,	34),
(359,	32,	2),
(360,	32,	33),
(361,	33,	2),
(362,	33,	25),
(363,	33,	33),
(364,	34,	32),
(365,	34,	33),
(366,	34,	34),
(367,	35,	1),
(368,	35,	2),
(369,	35,	3),
(370,	35,	32),
(371,	35,	33),
(372,	35,	34),
(373,	36,	2),
(374,	36,	30),
(375,	36,	31),
(376,	36,	33),
(377,	37,	1),
(378,	37,	4),
(379,	37,	5),
(380,	37,	6),
(381,	37,	7),
(382,	37,	8),
(383,	37,	9),
(384,	37,	12),
(385,	37,	13),
(386,	37,	14),
(387,	37,	15),
(388,	37,	16),
(389,	37,	17),
(390,	37,	18),
(391,	37,	19),
(392,	37,	20),
(393,	37,	21),
(394,	37,	22),
(395,	37,	32),
(396,	38,	1),
(397,	38,	32),
(398,	39,	2),
(399,	39,	33),
(400,	40,	2),
(401,	40,	30),
(402,	40,	31),
(403,	40,	33),
(404,	41,	1),
(405,	41,	32),
(406,	42,	2),
(407,	42,	33),
(408,	43,	1),
(409,	43,	4),
(410,	43,	5),
(411,	43,	6),
(412,	43,	7),
(413,	43,	8),
(414,	43,	9),
(415,	43,	12),
(416,	43,	13),
(417,	43,	14),
(418,	43,	15),
(419,	43,	16),
(420,	43,	17),
(421,	43,	18),
(422,	43,	19),
(423,	43,	20),
(424,	43,	21),
(425,	43,	22),
(426,	43,	32),
(427,	44,	1),
(428,	44,	4),
(429,	44,	5),
(430,	44,	6),
(431,	44,	7),
(432,	44,	8),
(433,	44,	9),
(434,	44,	12),
(435,	44,	13),
(436,	44,	14),
(437,	44,	15),
(438,	44,	16),
(439,	44,	17),
(440,	44,	18),
(441,	44,	19),
(442,	44,	20),
(443,	44,	21),
(444,	44,	22),
(445,	44,	32),
(446,	45,	2),
(447,	45,	33),
(448,	46,	1),
(449,	46,	23),
(450,	46,	24),
(451,	46,	32),
(452,	47,	1),
(453,	47,	6),
(454,	47,	7),
(455,	47,	9),
(456,	47,	21),
(457,	47,	32),
(458,	48,	1),
(459,	48,	6),
(460,	48,	7),
(461,	48,	9),
(462,	48,	21),
(463,	48,	32),
(464,	49,	1),
(465,	49,	6),
(466,	49,	7),
(467,	49,	9),
(468,	49,	21),
(469,	49,	32),
(470,	50,	1),
(471,	50,	2),
(472,	50,	3),
(473,	50,	4),
(474,	50,	5),
(475,	50,	6),
(476,	50,	7),
(477,	50,	8),
(478,	50,	9),
(479,	50,	10),
(480,	50,	11),
(481,	50,	12),
(482,	50,	13),
(483,	50,	14),
(484,	50,	15),
(485,	50,	16),
(486,	50,	17),
(487,	50,	18),
(488,	50,	19),
(489,	50,	20),
(490,	50,	21),
(491,	50,	22),
(492,	50,	23),
(493,	50,	24),
(494,	50,	25),
(495,	50,	26),
(496,	50,	27),
(497,	50,	28),
(498,	50,	29),
(499,	50,	30),
(500,	50,	31),
(501,	50,	32),
(502,	50,	33),
(503,	50,	34),
(504,	50,	35),
(505,	50,	36),
(506,	50,	37),
(507,	50,	38),
(508,	50,	39),
(509,	50,	40),
(510,	50,	41),
(511,	50,	42),
(512,	50,	43),
(513,	50,	44),
(514,	50,	45),
(515,	50,	46),
(516,	50,	47),
(517,	50,	48),
(518,	50,	49),
(519,	50,	50),
(520,	50,	51),
(521,	50,	52),
(522,	50,	53),
(523,	50,	54),
(524,	50,	55),
(525,	50,	56),
(526,	50,	57),
(527,	50,	58),
(528,	50,	59),
(529,	50,	60),
(530,	50,	61),
(531,	50,	62),
(532,	50,	63),
(533,	50,	64),
(534,	50,	65),
(535,	50,	66),
(536,	50,	67),
(537,	50,	68),
(538,	50,	69),
(539,	50,	70),
(540,	50,	71),
(541,	50,	72),
(542,	50,	73),
(543,	50,	74),
(544,	50,	75),
(545,	50,	76),
(546,	50,	77),
(547,	50,	78),
(548,	50,	79),
(549,	50,	80),
(550,	50,	81),
(551,	50,	82),
(552,	50,	83),
(553,	50,	84),
(554,	50,	85),
(555,	50,	86),
(556,	50,	87),
(557,	50,	88),
(558,	50,	89),
(559,	50,	90),
(560,	51,	2),
(561,	51,	33),
(562,	52,	3),
(563,	52,	26),
(564,	52,	34),
(565,	53,	1),
(566,	53,	4),
(567,	53,	5),
(568,	53,	6),
(569,	53,	7),
(570,	53,	8),
(571,	53,	9),
(572,	53,	12),
(573,	53,	13),
(574,	53,	14),
(575,	53,	15),
(576,	53,	16),
(577,	53,	17),
(578,	53,	18),
(579,	53,	19),
(580,	53,	20),
(581,	53,	21),
(582,	53,	22),
(583,	53,	32),
(584,	54,	1),
(585,	54,	4),
(586,	54,	5),
(587,	54,	6),
(588,	54,	7),
(589,	54,	8),
(590,	54,	9),
(591,	54,	10),
(592,	54,	11),
(593,	54,	12),
(594,	54,	13),
(595,	54,	14),
(596,	54,	15),
(597,	54,	16),
(598,	54,	17),
(599,	54,	18),
(600,	54,	19),
(601,	54,	20),
(602,	54,	21),
(603,	54,	22),
(604,	54,	23),
(605,	54,	24),
(606,	54,	25),
(607,	54,	26),
(608,	54,	27),
(609,	54,	28),
(610,	54,	29),
(611,	54,	30),
(612,	54,	31),
(613,	54,	32),
(614,	55,	1),
(615,	55,	32),
(616,	56,	2),
(617,	56,	30),
(618,	56,	31),
(619,	56,	33),
(620,	57,	3),
(621,	57,	26),
(622,	57,	34),
(623,	58,	2),
(624,	58,	15),
(625,	58,	33),
(626,	59,	1),
(627,	59,	23),
(628,	59,	24),
(629,	59,	32),
(630,	60,	1),
(631,	60,	29),
(632,	60,	32),
(633,	61,	1),
(634,	61,	2),
(635,	61,	13),
(636,	61,	27),
(637,	61,	32),
(638,	61,	33),
(639,	62,	1),
(640,	62,	23),
(641,	62,	24),
(642,	62,	32),
(643,	63,	2),
(644,	63,	3),
(645,	63,	25),
(646,	63,	33),
(647,	63,	34),
(648,	64,	1),
(649,	64,	27),
(650,	64,	28),
(651,	64,	32),
(652,	65,	1),
(653,	65,	2),
(654,	65,	3),
(655,	65,	32),
(656,	65,	33),
(657,	65,	34),
(658,	66,	2),
(659,	66,	33),
(660,	67,	2),
(661,	67,	3),
(662,	67,	26),
(663,	67,	33),
(664,	67,	34),
(665,	68,	1),
(666,	68,	32),
(667,	69,	1),
(668,	69,	16),
(669,	69,	29),
(670,	69,	32),
(671,	70,	2),
(672,	70,	33),
(673,	71,	1),
(674,	71,	4),
(675,	71,	5),
(676,	71,	6),
(677,	71,	7),
(678,	71,	8),
(679,	71,	9),
(680,	71,	12),
(681,	71,	13),
(682,	71,	14),
(683,	71,	15),
(684,	71,	16),
(685,	71,	17),
(686,	71,	18),
(687,	71,	19),
(688,	71,	20),
(689,	71,	21),
(690,	71,	22),
(691,	71,	32),
(692,	72,	1),
(693,	72,	32),
(694,	73,	2),
(695,	73,	30),
(696,	73,	31),
(697,	73,	33),
(698,	74,	1),
(699,	74,	16),
(700,	74,	29),
(701,	74,	32),
(702,	75,	1),
(703,	75,	32),
(704,	76,	1),
(705,	76,	2),
(706,	76,	13),
(707,	76,	27),
(708,	76,	32),
(709,	76,	33),
(710,	77,	1),
(711,	77,	27),
(712,	77,	28),
(713,	77,	32),
(714,	78,	1),
(715,	78,	29),
(716,	78,	32),
(717,	79,	1),
(718,	79,	29),
(719,	79,	32),
(720,	80,	1),
(721,	80,	4),
(722,	80,	5),
(723,	80,	6),
(724,	80,	7),
(725,	80,	8),
(726,	80,	9),
(727,	80,	12),
(728,	80,	13),
(729,	80,	14),
(730,	80,	15),
(731,	80,	16),
(732,	80,	17),
(733,	80,	18),
(734,	80,	19),
(735,	80,	20),
(736,	80,	21),
(737,	80,	22),
(738,	80,	32),
(739,	81,	2),
(740,	81,	30),
(741,	81,	31),
(742,	81,	33),
(743,	82,	2),
(744,	82,	33),
(745,	83,	1),
(746,	83,	4),
(747,	83,	5),
(748,	83,	6),
(749,	83,	7),
(750,	83,	8),
(751,	83,	9),
(752,	83,	12),
(753,	83,	13),
(754,	83,	14),
(755,	83,	15),
(756,	83,	16),
(757,	83,	17),
(758,	83,	18),
(759,	83,	19),
(760,	83,	20),
(761,	83,	21),
(762,	83,	22),
(763,	83,	32),
(764,	84,	1),
(765,	84,	2),
(766,	84,	15),
(767,	84,	18),
(768,	84,	32),
(769,	84,	33),
(770,	85,	1),
(771,	85,	4),
(772,	85,	5),
(773,	85,	12),
(774,	85,	32),
(775,	85,	33),
(776,	86,	1),
(777,	86,	4),
(778,	86,	5),
(779,	86,	14),
(780,	86,	32),
(781,	87,	3),
(782,	87,	26),
(783,	87,	34),
(784,	88,	1),
(785,	88,	2),
(786,	88,	8),
(787,	88,	32),
(788,	88,	33),
(789,	89,	2),
(790,	89,	15),
(791,	89,	33),
(792,	90,	1),
(793,	90,	2),
(794,	90,	8),
(795,	90,	32),
(796,	90,	33),
(797,	91,	1),
(798,	91,	4),
(799,	91,	5),
(800,	91,	32),
(801,	92,	1),
(802,	92,	19),
(803,	92,	32),
(804,	93,	1),
(805,	93,	12),
(806,	93,	16),
(807,	93,	32),
(808,	94,	1),
(809,	94,	6),
(810,	94,	7),
(811,	94,	19),
(812,	94,	32),
(813,	95,	1),
(814,	95,	16),
(815,	95,	32),
(816,	96,	1),
(817,	96,	6),
(818,	96,	7),
(819,	96,	19),
(820,	96,	21),
(821,	96,	22),
(822,	96,	32),
(823,	97,	2),
(824,	97,	30),
(825,	97,	31),
(826,	97,	33),
(827,	98,	2),
(828,	98,	30),
(829,	98,	31),
(830,	98,	33),
(831,	99,	3),
(832,	99,	25),
(833,	99,	34),
(834,	100,	1),
(835,	100,	19),
(836,	100,	32),
(837,	101,	1),
(838,	101,	4),
(839,	101,	5),
(840,	101,	12),
(841,	101,	32),
(842,	101,	33),
(843,	102,	1),
(844,	102,	6),
(845,	102,	7),
(846,	102,	9),
(847,	102,	19),
(848,	102,	20),
(849,	102,	21),
(850,	102,	22),
(851,	102,	32),
(852,	103,	2),
(853,	103,	30),
(854,	103,	31),
(855,	103,	33),
(856,	104,	2),
(857,	104,	3),
(858,	104,	25),
(859,	104,	33),
(860,	104,	34),
(861,	105,	1),
(862,	105,	2),
(863,	105,	3),
(864,	105,	4),
(865,	105,	5),
(866,	105,	6),
(867,	105,	7),
(868,	105,	8),
(869,	105,	9),
(870,	105,	10),
(871,	105,	11),
(872,	105,	12),
(873,	105,	13),
(874,	105,	14),
(875,	105,	15),
(876,	105,	16),
(877,	105,	17),
(878,	105,	18),
(879,	105,	19),
(880,	105,	20),
(881,	105,	21),
(882,	105,	22),
(883,	105,	23),
(884,	105,	24),
(885,	105,	25),
(886,	105,	26),
(887,	105,	27),
(888,	105,	28),
(889,	105,	29),
(890,	105,	30),
(891,	105,	31),
(892,	105,	32),
(893,	105,	33),
(894,	105,	34),
(895,	105,	35),
(896,	105,	36),
(897,	105,	37),
(898,	105,	38),
(899,	105,	39),
(900,	105,	40),
(901,	105,	41),
(902,	105,	42),
(903,	105,	43),
(904,	105,	44),
(905,	105,	45),
(906,	105,	46),
(907,	105,	47),
(908,	105,	48),
(909,	105,	49),
(910,	105,	50),
(911,	105,	51),
(912,	105,	52),
(913,	105,	53),
(914,	105,	54),
(915,	105,	55),
(916,	105,	56),
(917,	105,	57),
(918,	105,	58),
(919,	105,	59),
(920,	105,	60),
(921,	105,	61),
(922,	105,	62),
(923,	105,	63),
(924,	105,	64),
(925,	105,	65),
(926,	105,	66),
(927,	105,	67),
(928,	105,	68),
(929,	105,	69),
(930,	105,	70),
(931,	105,	71),
(932,	105,	72),
(933,	105,	73),
(934,	105,	74),
(935,	105,	75),
(936,	105,	76),
(937,	105,	77),
(938,	105,	78),
(939,	105,	79),
(940,	105,	80),
(941,	105,	81),
(942,	105,	82),
(943,	105,	83),
(944,	105,	84),
(945,	105,	85),
(946,	105,	86),
(947,	105,	87),
(948,	105,	88),
(949,	105,	89),
(950,	105,	90),
(951,	106,	1),
(952,	106,	4),
(953,	106,	5),
(954,	106,	6),
(955,	106,	7),
(956,	106,	8),
(957,	106,	9),
(958,	106,	12),
(959,	106,	13),
(960,	106,	14),
(961,	106,	15),
(962,	106,	16),
(963,	106,	17),
(964,	106,	18),
(965,	106,	19),
(966,	106,	20),
(967,	106,	21),
(968,	106,	22),
(969,	106,	32),
(970,	107,	3),
(971,	107,	26),
(972,	107,	34),
(973,	108,	3),
(974,	108,	26),
(975,	108,	34),
(976,	109,	2),
(977,	109,	3),
(978,	109,	26),
(979,	109,	33),
(980,	109,	34),
(981,	110,	1),
(982,	110,	4),
(983,	110,	5),
(984,	110,	6),
(985,	110,	7),
(986,	110,	8),
(987,	110,	9),
(988,	110,	12),
(989,	110,	13),
(990,	110,	14),
(991,	110,	15),
(992,	110,	16),
(993,	110,	17),
(994,	110,	18),
(995,	110,	19),
(996,	110,	20),
(997,	110,	21),
(998,	110,	22),
(999,	110,	32),
(1000,	111,	1),
(1001,	111,	2),
(1002,	111,	3),
(1003,	111,	4),
(1004,	111,	5),
(1005,	111,	6),
(1006,	111,	7),
(1007,	111,	8),
(1008,	111,	9),
(1009,	111,	10),
(1010,	111,	11),
(1011,	111,	12),
(1012,	111,	13),
(1013,	111,	14),
(1014,	111,	15),
(1015,	111,	16),
(1016,	111,	17),
(1017,	111,	18),
(1018,	111,	19),
(1019,	111,	20),
(1020,	111,	21),
(1021,	111,	22),
(1022,	111,	23),
(1023,	111,	24),
(1024,	111,	25),
(1025,	111,	26),
(1026,	111,	27),
(1027,	111,	28),
(1028,	111,	29),
(1029,	111,	30),
(1030,	111,	31),
(1031,	111,	32),
(1032,	111,	33),
(1033,	111,	34),
(1034,	111,	35),
(1035,	111,	36),
(1036,	111,	37),
(1037,	111,	38),
(1038,	111,	39),
(1039,	111,	40),
(1040,	111,	41),
(1041,	111,	42),
(1042,	111,	43),
(1043,	111,	44),
(1044,	111,	45),
(1045,	111,	46),
(1046,	111,	47),
(1047,	111,	48),
(1048,	111,	49),
(1049,	111,	50),
(1050,	111,	51),
(1051,	111,	52),
(1052,	111,	53),
(1053,	111,	54),
(1054,	111,	55),
(1055,	111,	56),
(1056,	111,	57),
(1057,	111,	58),
(1058,	111,	59),
(1059,	111,	60),
(1060,	111,	61),
(1061,	111,	62),
(1062,	111,	63),
(1063,	111,	64),
(1064,	111,	65),
(1065,	111,	66),
(1066,	111,	67),
(1067,	111,	68),
(1068,	111,	69),
(1069,	111,	70),
(1070,	111,	71),
(1071,	111,	72),
(1072,	111,	73),
(1073,	111,	74),
(1074,	111,	75),
(1075,	111,	76),
(1076,	111,	77),
(1077,	111,	78),
(1078,	111,	79),
(1079,	111,	80),
(1080,	111,	81),
(1081,	111,	82),
(1082,	111,	83),
(1083,	111,	84),
(1084,	111,	85),
(1085,	111,	86),
(1086,	111,	87),
(1087,	111,	88),
(1088,	111,	89),
(1089,	111,	90),
(1090,	112,	2),
(1091,	112,	30),
(1092,	112,	31),
(1093,	112,	33),
(1094,	113,	1),
(1095,	113,	23),
(1096,	113,	24),
(1097,	113,	32),
(1098,	114,	2),
(1099,	114,	33),
(1100,	115,	2),
(1101,	115,	33),
(1102,	116,	2),
(1103,	116,	30),
(1104,	116,	31),
(1105,	116,	33),
(1106,	117,	1),
(1107,	117,	16),
(1108,	117,	29),
(1109,	117,	32),
(1110,	118,	1),
(1111,	118,	4),
(1112,	118,	5),
(1113,	118,	6),
(1114,	118,	7),
(1115,	118,	8),
(1116,	118,	9),
(1117,	118,	12),
(1118,	118,	13),
(1119,	118,	14),
(1120,	118,	15),
(1121,	118,	16),
(1122,	118,	17),
(1123,	118,	18),
(1124,	118,	19),
(1125,	118,	20),
(1126,	118,	21),
(1127,	118,	22),
(1128,	118,	32),
(1129,	119,	1),
(1130,	119,	2),
(1131,	119,	3),
(1132,	119,	4),
(1133,	119,	5),
(1134,	119,	6),
(1135,	119,	7),
(1136,	119,	8),
(1137,	119,	9),
(1138,	119,	10),
(1139,	119,	11),
(1140,	119,	12),
(1141,	119,	13),
(1142,	119,	14),
(1143,	119,	15),
(1144,	119,	16),
(1145,	119,	17),
(1146,	119,	18),
(1147,	119,	19),
(1148,	119,	20),
(1149,	119,	21),
(1150,	119,	22),
(1151,	119,	23),
(1152,	119,	24),
(1153,	119,	25),
(1154,	119,	26),
(1155,	119,	27),
(1156,	119,	28),
(1157,	119,	29),
(1158,	119,	30),
(1159,	119,	31),
(1160,	119,	32),
(1161,	119,	33),
(1162,	119,	34),
(1163,	119,	35),
(1164,	119,	36),
(1165,	119,	37),
(1166,	119,	38),
(1167,	119,	39),
(1168,	119,	40),
(1169,	119,	41),
(1170,	119,	42),
(1171,	119,	43),
(1172,	119,	44),
(1173,	119,	45),
(1174,	119,	46),
(1175,	119,	47),
(1176,	119,	48),
(1177,	119,	49),
(1178,	119,	50),
(1179,	119,	51),
(1180,	119,	52),
(1181,	119,	53),
(1182,	119,	54),
(1183,	119,	55),
(1184,	119,	56),
(1185,	119,	57),
(1186,	119,	58),
(1187,	119,	59),
(1188,	119,	60),
(1189,	119,	61),
(1190,	119,	62),
(1191,	119,	63),
(1192,	119,	64),
(1193,	119,	65),
(1194,	119,	66),
(1195,	119,	67),
(1196,	119,	68),
(1197,	119,	69),
(1198,	119,	70),
(1199,	119,	71),
(1200,	119,	72),
(1201,	119,	73),
(1202,	119,	74),
(1203,	119,	75),
(1204,	119,	76),
(1205,	119,	77),
(1206,	119,	78),
(1207,	119,	79),
(1208,	119,	80),
(1209,	119,	81),
(1210,	119,	82),
(1211,	119,	83),
(1212,	119,	84),
(1213,	119,	85),
(1214,	119,	86),
(1215,	119,	87),
(1216,	119,	88),
(1217,	119,	89),
(1218,	119,	90),
(1219,	120,	2),
(1220,	120,	30),
(1221,	120,	31),
(1222,	120,	33),
(1223,	121,	1),
(1224,	121,	4),
(1225,	121,	5),
(1226,	121,	6),
(1227,	121,	7),
(1228,	121,	8),
(1229,	121,	9),
(1230,	121,	12),
(1231,	121,	13),
(1232,	121,	14),
(1233,	121,	15),
(1234,	121,	16),
(1235,	121,	17),
(1236,	121,	18),
(1237,	121,	19),
(1238,	121,	20),
(1239,	121,	21),
(1240,	121,	22),
(1241,	121,	32),
(1242,	122,	1),
(1243,	122,	16),
(1244,	122,	29),
(1245,	122,	32),
(1246,	123,	1),
(1247,	123,	2),
(1248,	123,	3),
(1249,	123,	32),
(1250,	123,	33),
(1251,	123,	34),
(1252,	124,	1),
(1253,	124,	23),
(1254,	124,	24),
(1255,	124,	32),
(1256,	125,	2),
(1257,	125,	33),
(1258,	126,	1),
(1259,	126,	6),
(1260,	126,	7),
(1261,	126,	19),
(1262,	126,	21),
(1263,	126,	22),
(1264,	126,	32),
(1265,	127,	1),
(1266,	127,	6),
(1267,	127,	7),
(1268,	127,	19),
(1269,	127,	21),
(1270,	127,	22),
(1271,	127,	32),
(1272,	128,	2),
(1273,	128,	30),
(1274,	128,	31),
(1275,	128,	33),
(1276,	129,	1),
(1277,	129,	32),
(1278,	130,	1),
(1279,	130,	4),
(1280,	130,	5),
(1281,	130,	6),
(1282,	130,	7),
(1283,	130,	8),
(1284,	130,	9),
(1285,	130,	12),
(1286,	130,	13),
(1287,	130,	14),
(1288,	130,	15),
(1289,	130,	16),
(1290,	130,	17),
(1291,	130,	18),
(1292,	130,	19),
(1293,	130,	20),
(1294,	130,	21),
(1295,	130,	22),
(1296,	130,	32),
(1297,	131,	2),
(1298,	131,	33),
(1299,	132,	2),
(1300,	132,	30),
(1301,	132,	31),
(1302,	132,	33),
(1303,	133,	1),
(1304,	133,	2),
(1305,	133,	13),
(1306,	133,	27),
(1307,	133,	32),
(1308,	133,	33),
(1309,	134,	1),
(1310,	134,	4),
(1311,	134,	5),
(1312,	134,	6),
(1313,	134,	7),
(1314,	134,	8),
(1315,	134,	9),
(1316,	134,	12),
(1317,	134,	13),
(1318,	134,	14),
(1319,	134,	15),
(1320,	134,	16),
(1321,	134,	17),
(1322,	134,	18),
(1323,	134,	19),
(1324,	134,	20),
(1325,	134,	21),
(1326,	134,	22),
(1327,	134,	32),
(1328,	135,	1),
(1329,	135,	27),
(1330,	135,	28),
(1331,	135,	29),
(1332,	135,	32),
(1333,	136,	2),
(1334,	136,	3),
(1335,	136,	26),
(1336,	136,	33),
(1337,	136,	34),
(1338,	137,	2),
(1339,	137,	33),
(1340,	138,	1),
(1341,	138,	23),
(1342,	138,	24),
(1343,	138,	32),
(1344,	139,	1),
(1345,	139,	2),
(1346,	139,	3),
(1347,	139,	32),
(1348,	139,	33),
(1349,	139,	34),
(1350,	140,	1),
(1351,	140,	2),
(1352,	140,	3),
(1353,	140,	4),
(1354,	140,	5),
(1355,	140,	6),
(1356,	140,	7),
(1357,	140,	8),
(1358,	140,	9),
(1359,	140,	10),
(1360,	140,	11),
(1361,	140,	12),
(1362,	140,	13),
(1363,	140,	14),
(1364,	140,	15),
(1365,	140,	16),
(1366,	140,	17),
(1367,	140,	18),
(1368,	140,	19),
(1369,	140,	20),
(1370,	140,	21),
(1371,	140,	22),
(1372,	140,	23),
(1373,	140,	24),
(1374,	140,	25),
(1375,	140,	26),
(1376,	140,	27),
(1377,	140,	28),
(1378,	140,	29),
(1379,	140,	30),
(1380,	140,	31),
(1381,	140,	32),
(1382,	140,	33),
(1383,	140,	34),
(1384,	140,	35),
(1385,	140,	36),
(1386,	140,	37),
(1387,	140,	38),
(1388,	140,	39),
(1389,	140,	40),
(1390,	140,	41),
(1391,	140,	42),
(1392,	140,	43),
(1393,	140,	44),
(1394,	140,	45),
(1395,	140,	46),
(1396,	140,	47),
(1397,	140,	48),
(1398,	140,	49),
(1399,	140,	50),
(1400,	140,	51),
(1401,	140,	52),
(1402,	140,	53),
(1403,	140,	54),
(1404,	140,	55),
(1405,	140,	56),
(1406,	140,	57),
(1407,	140,	58),
(1408,	140,	59),
(1409,	140,	60),
(1410,	140,	61),
(1411,	140,	62),
(1412,	140,	63),
(1413,	140,	64),
(1414,	140,	65),
(1415,	140,	66),
(1416,	140,	67),
(1417,	140,	68),
(1418,	140,	69),
(1419,	140,	70),
(1420,	140,	71),
(1421,	140,	72),
(1422,	140,	73),
(1423,	140,	74),
(1424,	140,	75),
(1425,	140,	76),
(1426,	140,	77),
(1427,	140,	78),
(1428,	140,	79),
(1429,	140,	80),
(1430,	140,	81),
(1431,	140,	82),
(1432,	140,	83),
(1433,	140,	84),
(1434,	140,	85),
(1435,	140,	86),
(1436,	140,	87),
(1437,	140,	88),
(1438,	140,	89),
(1439,	140,	90),
(1440,	141,	3),
(1441,	141,	26),
(1442,	141,	34),
(1443,	142,	2),
(1444,	142,	33),
(1445,	143,	1),
(1446,	143,	4),
(1447,	143,	5),
(1448,	143,	6),
(1449,	143,	7),
(1450,	143,	8),
(1451,	143,	9),
(1452,	143,	12),
(1453,	143,	13),
(1454,	143,	14),
(1455,	143,	15),
(1456,	143,	16),
(1457,	143,	17),
(1458,	143,	18),
(1459,	143,	19),
(1460,	143,	20),
(1461,	143,	21),
(1462,	143,	22),
(1463,	143,	32),
(1464,	144,	1),
(1465,	144,	4),
(1466,	144,	5),
(1467,	144,	6),
(1468,	144,	7),
(1469,	144,	8),
(1470,	144,	9),
(1471,	144,	12),
(1472,	144,	13),
(1473,	144,	14),
(1474,	144,	15),
(1475,	144,	16),
(1476,	144,	17),
(1477,	144,	18),
(1478,	144,	19),
(1479,	144,	20),
(1480,	144,	21),
(1481,	144,	22),
(1482,	144,	32),
(1483,	145,	2),
(1484,	145,	30),
(1485,	145,	31),
(1486,	145,	33),
(1487,	146,	2),
(1488,	146,	33),
(1489,	147,	1),
(1490,	147,	16),
(1491,	147,	29),
(1492,	147,	32),
(1493,	148,	1),
(1494,	148,	16),
(1495,	148,	27),
(1496,	148,	28),
(1497,	148,	29),
(1498,	148,	32),
(1499,	149,	2),
(1500,	149,	30),
(1501,	149,	31),
(1502,	149,	33),
(1503,	150,	1),
(1504,	150,	27),
(1505,	150,	28),
(1506,	150,	32),
(1507,	151,	2),
(1508,	151,	33),
(1509,	152,	2),
(1510,	152,	33),
(1511,	153,	1),
(1512,	153,	32),
(1513,	154,	1),
(1514,	154,	4),
(1515,	154,	5),
(1516,	154,	6),
(1517,	154,	7),
(1518,	154,	8),
(1519,	154,	9),
(1520,	154,	12),
(1521,	154,	13),
(1522,	154,	14),
(1523,	154,	15),
(1524,	154,	16),
(1525,	154,	17),
(1526,	154,	18),
(1527,	154,	19),
(1528,	154,	20),
(1529,	154,	21),
(1530,	154,	22),
(1531,	154,	32),
(1532,	155,	2),
(1533,	155,	3),
(1534,	155,	26),
(1535,	155,	33),
(1536,	155,	34),
(1537,	156,	1),
(1538,	156,	23),
(1539,	156,	24),
(1540,	156,	32),
(1541,	157,	1),
(1542,	157,	4),
(1543,	157,	5),
(1544,	157,	6),
(1545,	157,	7),
(1546,	157,	8),
(1547,	157,	9),
(1548,	157,	12),
(1549,	157,	13),
(1550,	157,	14),
(1551,	157,	15),
(1552,	157,	16),
(1553,	157,	17),
(1554,	157,	18),
(1555,	157,	19),
(1556,	157,	20),
(1557,	157,	21),
(1558,	157,	22),
(1559,	157,	32),
(1560,	158,	1),
(1561,	158,	2),
(1562,	158,	3),
(1563,	158,	4),
(1564,	158,	5),
(1565,	158,	6),
(1566,	158,	7),
(1567,	158,	8),
(1568,	158,	9),
(1569,	158,	10),
(1570,	158,	11),
(1571,	158,	12),
(1572,	158,	13),
(1573,	158,	14),
(1574,	158,	15),
(1575,	158,	16),
(1576,	158,	17),
(1577,	158,	18),
(1578,	158,	19),
(1579,	158,	20),
(1580,	158,	21),
(1581,	158,	22),
(1582,	158,	23),
(1583,	158,	24),
(1584,	158,	25),
(1585,	158,	26),
(1586,	158,	27),
(1587,	158,	28),
(1588,	158,	29),
(1589,	158,	30),
(1590,	158,	31),
(1591,	158,	32),
(1592,	158,	33),
(1593,	158,	34),
(1594,	158,	35),
(1595,	158,	36),
(1596,	158,	37),
(1597,	158,	38),
(1598,	158,	39),
(1599,	158,	40),
(1600,	158,	41),
(1601,	158,	42),
(1602,	158,	43),
(1603,	158,	44),
(1604,	158,	45),
(1605,	158,	46),
(1606,	158,	47),
(1607,	158,	48),
(1608,	158,	49),
(1609,	158,	50),
(1610,	158,	51),
(1611,	158,	52),
(1612,	158,	53),
(1613,	158,	54),
(1614,	158,	55),
(1615,	158,	56),
(1616,	158,	57),
(1617,	158,	58),
(1618,	158,	59),
(1619,	158,	60),
(1620,	158,	61),
(1621,	158,	62),
(1622,	158,	63),
(1623,	158,	64),
(1624,	158,	65),
(1625,	158,	66),
(1626,	158,	67),
(1627,	158,	68),
(1628,	158,	69),
(1629,	158,	70),
(1630,	158,	71),
(1631,	158,	72),
(1632,	158,	73),
(1633,	158,	74),
(1634,	158,	75),
(1635,	158,	76),
(1636,	158,	77),
(1637,	158,	78),
(1638,	158,	79),
(1639,	158,	80),
(1640,	158,	81),
(1641,	158,	82),
(1642,	158,	83),
(1643,	158,	84),
(1644,	158,	85),
(1645,	158,	86),
(1646,	158,	87),
(1647,	158,	88),
(1648,	158,	89),
(1649,	158,	90),
(1650,	159,	2),
(1651,	159,	3),
(1652,	159,	26),
(1653,	159,	33),
(1654,	159,	34),
(1655,	160,	2),
(1656,	160,	30),
(1657,	160,	31),
(1658,	160,	33),
(1659,	161,	2),
(1660,	161,	33),
(1661,	162,	2),
(1662,	162,	33),
(1663,	163,	1),
(1664,	163,	16),
(1665,	163,	29),
(1666,	163,	32),
(1667,	164,	1),
(1668,	164,	32),
(1669,	165,	1),
(1670,	165,	4),
(1671,	165,	5),
(1672,	165,	6),
(1673,	165,	7),
(1674,	165,	8),
(1675,	165,	9),
(1676,	165,	12),
(1677,	165,	13),
(1678,	165,	14),
(1679,	165,	15),
(1680,	165,	16),
(1681,	165,	17),
(1682,	165,	18),
(1683,	165,	19),
(1684,	165,	20),
(1685,	165,	21),
(1686,	165,	22),
(1687,	165,	32),
(1688,	166,	1),
(1689,	166,	4),
(1690,	166,	5),
(1691,	166,	6),
(1692,	166,	7),
(1693,	166,	8),
(1694,	166,	9),
(1695,	166,	12),
(1696,	166,	13),
(1697,	166,	14),
(1698,	166,	15),
(1699,	166,	16),
(1700,	166,	17),
(1701,	166,	18),
(1702,	166,	19),
(1703,	166,	20),
(1704,	166,	21),
(1705,	166,	22),
(1706,	166,	32),
(1707,	167,	3),
(1708,	167,	26),
(1709,	167,	34),
(1710,	168,	3),
(1711,	168,	26),
(1712,	168,	34),
(1713,	169,	3),
(1714,	169,	26),
(1715,	169,	34),
(1716,	170,	3),
(1717,	170,	26),
(1718,	170,	34),
(1719,	171,	3),
(1720,	171,	26),
(1721,	171,	34),
(1722,	172,	3),
(1723,	172,	26),
(1724,	172,	34),
(1725,	173,	3),
(1726,	173,	26),
(1727,	173,	34),
(1728,	174,	3),
(1729,	174,	8),
(1730,	174,	26),
(1731,	174,	34),
(1732,	175,	3),
(1733,	175,	21),
(1734,	175,	22),
(1735,	175,	26),
(1736,	175,	34),
(1737,	176,	1),
(1738,	176,	32),
(1739,	177,	1),
(1740,	177,	32),
(1741,	178,	1),
(1742,	178,	23),
(1743,	178,	24),
(1744,	178,	32),
(1745,	179,	2),
(1746,	179,	3),
(1747,	179,	32),
(1748,	179,	33),
(1749,	179,	34),
(1750,	180,	2),
(1751,	180,	30),
(1752,	180,	31),
(1753,	180,	33),
(1754,	181,	2),
(1755,	181,	33),
(1756,	182,	1),
(1757,	182,	2),
(1758,	182,	3),
(1759,	182,	32),
(1760,	182,	33),
(1761,	182,	34),
(1762,	183,	3),
(1763,	183,	26),
(1764,	183,	34),
(1765,	184,	2),
(1766,	184,	3),
(1767,	184,	25),
(1768,	184,	33),
(1769,	184,	34),
(1770,	185,	1),
(1771,	185,	2),
(1772,	185,	3),
(1773,	185,	4),
(1774,	185,	5),
(1775,	185,	6),
(1776,	185,	7),
(1777,	185,	8),
(1778,	185,	9),
(1779,	185,	10),
(1780,	185,	11),
(1781,	185,	12),
(1782,	185,	13),
(1783,	185,	14),
(1784,	185,	15),
(1785,	185,	16),
(1786,	185,	17),
(1787,	185,	18),
(1788,	185,	19),
(1789,	185,	20),
(1790,	185,	21),
(1791,	185,	22),
(1792,	185,	23),
(1793,	185,	24),
(1794,	185,	25),
(1795,	185,	26),
(1796,	185,	27),
(1797,	185,	28),
(1798,	185,	29),
(1799,	185,	30),
(1800,	185,	31),
(1801,	185,	32),
(1802,	185,	33),
(1803,	185,	34),
(1804,	185,	35),
(1805,	185,	36),
(1806,	185,	37),
(1807,	185,	38),
(1808,	185,	39),
(1809,	185,	40),
(1810,	185,	41),
(1811,	185,	42),
(1812,	185,	43),
(1813,	185,	44),
(1814,	185,	45),
(1815,	185,	46),
(1816,	185,	47),
(1817,	185,	48),
(1818,	185,	49),
(1819,	185,	50),
(1820,	185,	51),
(1821,	185,	52),
(1822,	185,	53),
(1823,	185,	54),
(1824,	185,	55),
(1825,	185,	56),
(1826,	185,	57),
(1827,	185,	58),
(1828,	185,	59),
(1829,	185,	60),
(1830,	185,	61),
(1831,	185,	62),
(1832,	185,	63),
(1833,	185,	64),
(1834,	185,	65),
(1835,	185,	66),
(1836,	185,	67),
(1837,	185,	68),
(1838,	185,	69),
(1839,	185,	70),
(1840,	185,	71),
(1841,	185,	72),
(1842,	185,	73),
(1843,	185,	74),
(1844,	185,	75),
(1845,	185,	76),
(1846,	185,	77),
(1847,	185,	78),
(1848,	185,	79),
(1849,	185,	80),
(1850,	185,	81),
(1851,	185,	82),
(1852,	185,	83),
(1853,	185,	84),
(1854,	185,	85),
(1855,	185,	86),
(1856,	185,	87),
(1857,	185,	88),
(1858,	185,	89),
(1859,	185,	90),
(1860,	186,	1),
(1861,	186,	4),
(1862,	186,	5),
(1863,	186,	12),
(1864,	186,	32),
(1865,	186,	33),
(1866,	187,	1),
(1867,	187,	4),
(1868,	187,	5),
(1869,	187,	6),
(1870,	187,	7),
(1871,	187,	8),
(1872,	187,	9),
(1873,	187,	12),
(1874,	187,	13),
(1875,	187,	14),
(1876,	187,	15),
(1877,	187,	16),
(1878,	187,	17),
(1879,	187,	18),
(1880,	187,	19),
(1881,	187,	20),
(1882,	187,	21),
(1883,	187,	22),
(1884,	187,	32),
(1885,	188,	1),
(1886,	188,	2),
(1887,	188,	8),
(1888,	188,	32),
(1889,	188,	33),
(1890,	189,	1),
(1891,	189,	4),
(1892,	189,	5),
(1893,	189,	32),
(1894,	190,	1),
(1895,	190,	6),
(1896,	190,	7),
(1897,	190,	19),
(1898,	190,	32),
(1899,	191,	2),
(1900,	191,	30),
(1901,	191,	31),
(1902,	191,	33),
(1903,	192,	2),
(1904,	192,	30),
(1905,	192,	31),
(1906,	192,	33),
(1907,	193,	1),
(1908,	193,	16),
(1909,	193,	27),
(1910,	193,	28),
(1911,	193,	29),
(1912,	193,	32),
(1913,	194,	2),
(1914,	194,	30),
(1915,	194,	31),
(1916,	194,	33),
(1917,	195,	1),
(1918,	195,	23),
(1919,	195,	24),
(1920,	195,	32),
(1921,	196,	1),
(1922,	196,	23),
(1923,	196,	24),
(1924,	196,	32),
(1925,	197,	2),
(1926,	197,	33),
(1927,	198,	2),
(1928,	198,	33),
(1929,	199,	2),
(1930,	199,	3),
(1931,	199,	26),
(1932,	199,	33),
(1933,	199,	34),
(1934,	200,	2),
(1935,	200,	33),
(1936,	201,	1),
(1937,	201,	32),
(1938,	202,	1),
(1939,	202,	32),
(1940,	203,	1),
(1941,	203,	32),
(1942,	204,	1),
(1943,	204,	29),
(1944,	204,	32),
(1945,	205,	1),
(1946,	205,	4),
(1947,	205,	5),
(1948,	205,	6),
(1949,	205,	7),
(1950,	205,	8),
(1951,	205,	9),
(1952,	205,	12),
(1953,	205,	13),
(1954,	205,	14),
(1955,	205,	15),
(1956,	205,	16),
(1957,	205,	17),
(1958,	205,	18),
(1959,	205,	19),
(1960,	205,	20),
(1961,	205,	21),
(1962,	205,	22),
(1963,	205,	32),
(1964,	206,	1),
(1965,	206,	16),
(1966,	206,	29),
(1967,	206,	32),
(1968,	207,	1),
(1969,	207,	27),
(1970,	207,	28),
(1971,	207,	32),
(1972,	208,	1),
(1973,	208,	2),
(1974,	208,	3),
(1975,	208,	32),
(1976,	208,	33),
(1977,	208,	34),
(1978,	209,	1),
(1979,	209,	4),
(1980,	209,	5),
(1981,	209,	6),
(1982,	209,	7),
(1983,	209,	8),
(1984,	209,	9),
(1985,	209,	12),
(1986,	209,	13),
(1987,	209,	14),
(1988,	209,	15),
(1989,	209,	16),
(1990,	209,	17),
(1991,	209,	18),
(1992,	209,	19),
(1993,	209,	20),
(1994,	209,	21),
(1995,	209,	22),
(1996,	209,	32),
(1997,	210,	1),
(1998,	210,	29),
(1999,	210,	32),
(2000,	211,	2),
(2001,	211,	33),
(2002,	212,	1),
(2003,	212,	2),
(2004,	212,	3),
(2005,	212,	4),
(2006,	212,	5),
(2007,	212,	6),
(2008,	212,	7),
(2009,	212,	8),
(2010,	212,	9),
(2011,	212,	10),
(2012,	212,	11),
(2013,	212,	12),
(2014,	212,	13),
(2015,	212,	14),
(2016,	212,	15),
(2017,	212,	16),
(2018,	212,	17),
(2019,	212,	18),
(2020,	212,	19),
(2021,	212,	20),
(2022,	212,	21),
(2023,	212,	22),
(2024,	212,	23),
(2025,	212,	24),
(2026,	212,	25),
(2027,	212,	26),
(2028,	212,	27),
(2029,	212,	28),
(2030,	212,	29),
(2031,	212,	30),
(2032,	212,	31),
(2033,	212,	32),
(2034,	212,	33),
(2035,	212,	34),
(2036,	212,	35),
(2037,	212,	36),
(2038,	212,	37),
(2039,	212,	38),
(2040,	212,	39),
(2041,	212,	40),
(2042,	212,	41),
(2043,	212,	42),
(2044,	212,	43),
(2045,	212,	44),
(2046,	212,	45),
(2047,	212,	46),
(2048,	212,	47),
(2049,	212,	48),
(2050,	212,	49),
(2051,	212,	50),
(2052,	212,	51),
(2053,	212,	52),
(2054,	212,	53),
(2055,	212,	54),
(2056,	212,	55),
(2057,	212,	56),
(2058,	212,	57),
(2059,	212,	58),
(2060,	212,	59),
(2061,	212,	60),
(2062,	212,	61),
(2063,	212,	62),
(2064,	212,	63),
(2065,	212,	64),
(2066,	212,	65),
(2067,	212,	66),
(2068,	212,	67),
(2069,	212,	68),
(2070,	212,	69),
(2071,	212,	70),
(2072,	212,	71),
(2073,	212,	72),
(2074,	212,	73),
(2075,	212,	74),
(2076,	212,	75),
(2077,	212,	76),
(2078,	212,	77),
(2079,	212,	78),
(2080,	212,	79),
(2081,	212,	80),
(2082,	212,	81),
(2083,	212,	82),
(2084,	212,	83),
(2085,	212,	84),
(2086,	212,	85),
(2087,	212,	86),
(2088,	212,	87),
(2089,	212,	88),
(2090,	212,	89),
(2091,	212,	90),
(2092,	213,	1),
(2093,	213,	4),
(2094,	213,	5),
(2095,	213,	6),
(2096,	213,	7),
(2097,	213,	8),
(2098,	213,	9),
(2099,	213,	12),
(2100,	213,	13),
(2101,	213,	14),
(2102,	213,	15),
(2103,	213,	16),
(2104,	213,	17),
(2105,	213,	18),
(2106,	213,	19),
(2107,	213,	20),
(2108,	213,	21),
(2109,	213,	22),
(2110,	213,	32),
(2111,	214,	3),
(2112,	214,	26),
(2113,	214,	34),
(2114,	215,	2),
(2115,	215,	33),
(2116,	216,	1),
(2117,	216,	4),
(2118,	216,	5),
(2119,	216,	6),
(2120,	216,	7),
(2121,	216,	8),
(2122,	216,	9),
(2123,	216,	12),
(2124,	216,	13),
(2125,	216,	14),
(2126,	216,	15),
(2127,	216,	16),
(2128,	216,	17),
(2129,	216,	18),
(2130,	216,	19),
(2131,	216,	20),
(2132,	216,	21),
(2133,	216,	22),
(2134,	216,	32),
(2135,	217,	1),
(2136,	217,	32),
(2137,	218,	2),
(2138,	218,	30),
(2139,	218,	31),
(2140,	218,	33),
(2141,	219,	3),
(2142,	219,	26),
(2143,	219,	34),
(2144,	220,	3),
(2145,	220,	26),
(2146,	220,	34),
(2147,	221,	2),
(2148,	221,	3),
(2149,	222,	3),
(2150,	222,	32),
(2151,	222,	33),
(2152,	222,	34),
(2153,	223,	3),
(2154,	223,	32),
(2155,	223,	33),
(2156,	223,	34),
(2157,	224,	3),
(2158,	224,	32),
(2159,	224,	33),
(2160,	224,	34),
(2161,	225,	3),
(2162,	225,	25),
(2163,	225,	34),
(2164,	226,	1),
(2165,	226,	32),
(2166,	227,	1),
(2167,	227,	32),
(2168,	228,	2),
(2169,	228,	33),
(2170,	229,	1),
(2171,	229,	23),
(2172,	229,	24),
(2173,	229,	32),
(2174,	230,	1),
(2175,	230,	32),
(2176,	231,	2),
(2177,	231,	33),
(2178,	232,	1),
(2179,	232,	4),
(2180,	232,	5),
(2181,	232,	6),
(2182,	232,	7),
(2183,	232,	8),
(2184,	232,	9),
(2185,	232,	12),
(2186,	232,	13),
(2187,	232,	14),
(2188,	232,	15),
(2189,	232,	16),
(2190,	232,	17),
(2191,	232,	18),
(2192,	232,	19),
(2193,	232,	20),
(2194,	232,	21),
(2195,	232,	22),
(2196,	232,	32),
(2197,	233,	1),
(2198,	233,	23),
(2199,	233,	24),
(2200,	233,	32),
(2201,	234,	1),
(2202,	234,	2),
(2203,	234,	3),
(2204,	234,	32),
(2205,	234,	33),
(2206,	234,	34),
(2207,	235,	2),
(2208,	235,	3),
(2209,	235,	26),
(2210,	235,	33),
(2211,	235,	34),
(2212,	236,	1),
(2213,	236,	23),
(2214,	236,	24),
(2215,	236,	32),
(2216,	237,	2),
(2217,	237,	33),
(2218,	238,	1),
(2219,	238,	2),
(2220,	238,	13),
(2221,	238,	27),
(2222,	238,	32),
(2223,	238,	33),
(2224,	239,	1),
(2225,	239,	4),
(2226,	239,	5),
(2227,	239,	6),
(2228,	239,	7),
(2229,	239,	8),
(2230,	239,	9),
(2231,	239,	12),
(2232,	239,	13),
(2233,	239,	14),
(2234,	239,	15),
(2235,	239,	16),
(2236,	239,	17),
(2237,	239,	18),
(2238,	239,	19),
(2239,	239,	20),
(2240,	239,	21),
(2241,	239,	22),
(2242,	239,	32),
(2243,	240,	2),
(2244,	240,	33),
(2245,	241,	1),
(2246,	241,	4),
(2247,	241,	5),
(2248,	241,	6),
(2249,	241,	7),
(2250,	241,	8),
(2251,	241,	9),
(2252,	241,	12),
(2253,	241,	13),
(2254,	241,	14),
(2255,	241,	15),
(2256,	241,	16),
(2257,	241,	17),
(2258,	241,	18),
(2259,	241,	19),
(2260,	241,	20),
(2261,	241,	21),
(2262,	241,	22),
(2263,	241,	32),
(2264,	242,	2),
(2265,	242,	30),
(2266,	242,	31),
(2267,	242,	33),
(2268,	243,	1),
(2269,	243,	2),
(2270,	243,	3),
(2271,	243,	4),
(2272,	243,	5),
(2273,	243,	6),
(2274,	243,	7),
(2275,	243,	8),
(2276,	243,	9),
(2277,	243,	10),
(2278,	243,	11),
(2279,	243,	12),
(2280,	243,	13),
(2281,	243,	14),
(2282,	243,	15),
(2283,	243,	16),
(2284,	243,	17),
(2285,	243,	18),
(2286,	243,	19),
(2287,	243,	20),
(2288,	243,	21),
(2289,	243,	22),
(2290,	243,	23),
(2291,	243,	24),
(2292,	243,	25),
(2293,	243,	26),
(2294,	243,	27),
(2295,	243,	28),
(2296,	243,	29),
(2297,	243,	30),
(2298,	243,	31),
(2299,	243,	32),
(2300,	243,	33),
(2301,	243,	34),
(2302,	243,	35),
(2303,	243,	36),
(2304,	243,	37),
(2305,	243,	38),
(2306,	243,	39),
(2307,	243,	40),
(2308,	243,	41),
(2309,	243,	42),
(2310,	243,	43),
(2311,	243,	44),
(2312,	243,	45),
(2313,	243,	46),
(2314,	243,	47),
(2315,	243,	48),
(2316,	243,	49),
(2317,	243,	50),
(2318,	243,	51),
(2319,	243,	52),
(2320,	243,	53),
(2321,	243,	54),
(2322,	243,	55),
(2323,	243,	56),
(2324,	243,	57),
(2325,	243,	58),
(2326,	243,	59),
(2327,	243,	60),
(2328,	243,	61),
(2329,	243,	62),
(2330,	243,	63),
(2331,	243,	64),
(2332,	243,	65),
(2333,	243,	66),
(2334,	243,	67),
(2335,	243,	68),
(2336,	243,	69),
(2337,	243,	70),
(2338,	243,	71),
(2339,	243,	72),
(2340,	243,	73),
(2341,	243,	74),
(2342,	243,	75),
(2343,	243,	76),
(2344,	243,	77),
(2345,	243,	78),
(2346,	243,	79),
(2347,	243,	80),
(2348,	243,	81),
(2349,	243,	82),
(2350,	243,	83),
(2351,	243,	84),
(2352,	243,	85),
(2353,	243,	86),
(2354,	243,	87),
(2355,	243,	88),
(2356,	243,	89),
(2357,	243,	90),
(2358,	244,	1),
(2359,	244,	32),
(2360,	245,	3),
(2361,	245,	26),
(2362,	245,	34),
(2363,	246,	2),
(2364,	246,	33),
(2365,	247,	2),
(2366,	247,	30),
(2367,	247,	31),
(2368,	247,	33),
(2369,	248,	2),
(2370,	248,	30),
(2371,	248,	31),
(2372,	248,	33),
(2373,	249,	1),
(2374,	249,	16),
(2375,	249,	29),
(2376,	249,	32),
(2377,	250,	1),
(2378,	250,	27),
(2379,	250,	28),
(2380,	250,	32),
(2381,	251,	1),
(2382,	251,	4),
(2383,	251,	5),
(2384,	251,	6),
(2385,	251,	7),
(2386,	251,	8),
(2387,	251,	9),
(2388,	251,	12),
(2389,	251,	13),
(2390,	251,	14),
(2391,	251,	15),
(2392,	251,	16),
(2393,	251,	17),
(2394,	251,	18),
(2395,	251,	19),
(2396,	251,	20),
(2397,	251,	21),
(2398,	251,	22),
(2399,	251,	32),
(2400,	252,	1),
(2401,	252,	32),
(2402,	253,	1),
(2403,	253,	2),
(2404,	253,	13),
(2405,	253,	27),
(2406,	253,	32),
(2407,	253,	33),
(2408,	254,	1),
(2409,	254,	4),
(2410,	254,	5),
(2411,	254,	6),
(2412,	254,	7),
(2413,	254,	8),
(2414,	254,	9),
(2415,	254,	12),
(2416,	254,	13),
(2417,	254,	14),
(2418,	254,	15),
(2419,	254,	16),
(2420,	254,	17),
(2421,	254,	18),
(2422,	254,	19),
(2423,	254,	20),
(2424,	254,	21),
(2425,	254,	22),
(2426,	254,	32),
(2427,	255,	1),
(2428,	255,	29),
(2429,	255,	32),
(2430,	256,	2),
(2431,	256,	33),
(2432,	257,	2),
(2433,	257,	3),
(2434,	257,	26),
(2435,	257,	33),
(2436,	257,	34),
(2437,	258,	1),
(2438,	258,	32),
(2439,	259,	1),
(2440,	259,	32),
(2441,	260,	1),
(2442,	260,	6),
(2443,	260,	7),
(2444,	260,	9),
(2445,	260,	19),
(2446,	260,	20),
(2447,	260,	21),
(2448,	260,	22),
(2449,	260,	32),
(2450,	261,	2),
(2451,	261,	33),
(2452,	262,	1),
(2453,	262,	2),
(2454,	262,	3),
(2455,	262,	4),
(2456,	262,	5),
(2457,	262,	6),
(2458,	262,	7),
(2459,	262,	8),
(2460,	262,	9),
(2461,	262,	10),
(2462,	262,	11),
(2463,	262,	12),
(2464,	262,	13),
(2465,	262,	14),
(2466,	262,	15),
(2467,	262,	16),
(2468,	262,	17),
(2469,	262,	18),
(2470,	262,	19),
(2471,	262,	20),
(2472,	262,	21),
(2473,	262,	22),
(2474,	262,	23),
(2475,	262,	24),
(2476,	262,	25),
(2477,	262,	26),
(2478,	262,	27),
(2479,	262,	28),
(2480,	262,	29),
(2481,	262,	30),
(2482,	262,	31),
(2483,	262,	32),
(2484,	262,	33),
(2485,	262,	34),
(2486,	262,	35),
(2487,	262,	36),
(2488,	262,	37),
(2489,	262,	38),
(2490,	262,	39),
(2491,	262,	40),
(2492,	262,	41),
(2493,	262,	42),
(2494,	262,	43),
(2495,	262,	44),
(2496,	262,	45),
(2497,	262,	46),
(2498,	262,	47),
(2499,	262,	48),
(2500,	262,	49),
(2501,	262,	50),
(2502,	262,	51),
(2503,	262,	52),
(2504,	262,	53),
(2505,	262,	54),
(2506,	262,	55),
(2507,	262,	56),
(2508,	262,	57),
(2509,	262,	58),
(2510,	262,	59),
(2511,	262,	60),
(2512,	262,	61),
(2513,	262,	62),
(2514,	262,	63),
(2515,	262,	64),
(2516,	262,	65),
(2517,	262,	66),
(2518,	262,	67),
(2519,	262,	68),
(2520,	262,	69),
(2521,	262,	70),
(2522,	262,	71),
(2523,	262,	72),
(2524,	262,	73),
(2525,	262,	74),
(2526,	262,	75),
(2527,	262,	76),
(2528,	262,	77),
(2529,	262,	78),
(2530,	262,	79),
(2531,	262,	80),
(2532,	262,	81),
(2533,	262,	82),
(2534,	262,	83),
(2535,	262,	84),
(2536,	262,	85),
(2537,	262,	86),
(2538,	262,	87),
(2539,	262,	88),
(2540,	262,	89),
(2541,	262,	90),
(2542,	263,	3),
(2543,	263,	34),
(2544,	264,	1),
(2545,	264,	4),
(2546,	264,	5),
(2547,	264,	6),
(2548,	264,	7),
(2549,	264,	8),
(2550,	264,	9),
(2551,	264,	12),
(2552,	264,	13),
(2553,	264,	14),
(2554,	264,	15),
(2555,	264,	16),
(2556,	264,	17),
(2557,	264,	18),
(2558,	264,	19),
(2559,	264,	20),
(2560,	264,	21),
(2561,	264,	22),
(2562,	264,	32),
(2563,	265,	2),
(2564,	265,	30),
(2565,	265,	31),
(2566,	265,	33),
(2567,	266,	1),
(2568,	266,	4),
(2569,	266,	5),
(2570,	266,	6),
(2571,	266,	7),
(2572,	266,	8),
(2573,	266,	9),
(2574,	266,	12),
(2575,	266,	13),
(2576,	266,	14),
(2577,	266,	15),
(2578,	266,	16),
(2579,	266,	17),
(2580,	266,	18),
(2581,	266,	19),
(2582,	266,	20),
(2583,	266,	21),
(2584,	266,	22),
(2585,	266,	32),
(2586,	267,	1),
(2587,	267,	32),
(2588,	268,	2),
(2589,	268,	33),
(2590,	269,	1),
(2591,	269,	2),
(2592,	269,	3),
(2593,	269,	32),
(2594,	269,	33),
(2595,	269,	34),
(2596,	270,	2),
(2597,	270,	30),
(2598,	270,	31),
(2599,	270,	33),
(2600,	271,	2),
(2601,	271,	33),
(2602,	272,	1),
(2603,	272,	2),
(2604,	272,	3),
(2605,	272,	32),
(2606,	272,	33),
(2607,	272,	34),
(2608,	273,	1),
(2609,	273,	2),
(2610,	273,	3),
(2611,	273,	32),
(2612,	273,	33),
(2613,	273,	34),
(2614,	274,	2),
(2615,	274,	30),
(2616,	274,	31),
(2617,	274,	33),
(2618,	275,	1),
(2619,	275,	4),
(2620,	275,	5),
(2621,	275,	6),
(2622,	275,	7),
(2623,	275,	8),
(2624,	275,	9),
(2625,	275,	12),
(2626,	275,	13),
(2627,	275,	14),
(2628,	275,	15),
(2629,	275,	16),
(2630,	275,	17),
(2631,	275,	18),
(2632,	275,	19),
(2633,	275,	20),
(2634,	275,	21),
(2635,	275,	22),
(2636,	275,	32),
(2637,	276,	3),
(2638,	276,	34),
(2639,	277,	2),
(2640,	277,	30),
(2641,	277,	31),
(2642,	277,	33),
(2643,	278,	2),
(2644,	278,	33),
(2645,	279,	1),
(2646,	279,	2),
(2647,	279,	3),
(2648,	279,	4),
(2649,	279,	5),
(2650,	279,	6),
(2651,	279,	7),
(2652,	279,	8),
(2653,	279,	9),
(2654,	279,	10),
(2655,	279,	11),
(2656,	279,	12),
(2657,	279,	13),
(2658,	279,	14),
(2659,	279,	15),
(2660,	279,	16),
(2661,	279,	17),
(2662,	279,	18),
(2663,	279,	19),
(2664,	279,	20),
(2665,	279,	21),
(2666,	279,	22),
(2667,	279,	23),
(2668,	279,	24),
(2669,	279,	25),
(2670,	279,	26),
(2671,	279,	27),
(2672,	279,	28),
(2673,	279,	29),
(2674,	279,	30),
(2675,	279,	31),
(2676,	279,	32),
(2677,	279,	33),
(2678,	279,	34),
(2679,	279,	35),
(2680,	279,	36),
(2681,	279,	37),
(2682,	279,	38),
(2683,	279,	39),
(2684,	279,	40),
(2685,	279,	41),
(2686,	279,	42),
(2687,	279,	43),
(2688,	279,	44),
(2689,	279,	45),
(2690,	279,	46),
(2691,	279,	47),
(2692,	279,	48),
(2693,	279,	49),
(2694,	279,	50),
(2695,	279,	51),
(2696,	279,	52),
(2697,	279,	53),
(2698,	279,	54),
(2699,	279,	55),
(2700,	279,	56),
(2701,	279,	57),
(2702,	279,	58),
(2703,	279,	59),
(2704,	279,	60),
(2705,	279,	61),
(2706,	279,	62),
(2707,	279,	63),
(2708,	279,	64),
(2709,	279,	65),
(2710,	279,	66),
(2711,	279,	67),
(2712,	279,	68),
(2713,	279,	69),
(2714,	279,	70),
(2715,	279,	71),
(2716,	279,	72),
(2717,	279,	73),
(2718,	279,	74),
(2719,	279,	75),
(2720,	279,	76),
(2721,	279,	77),
(2722,	279,	78),
(2723,	279,	79),
(2724,	279,	80),
(2725,	279,	81),
(2726,	279,	82),
(2727,	279,	83),
(2728,	279,	84),
(2729,	279,	85),
(2730,	279,	86),
(2731,	279,	87),
(2732,	279,	88),
(2733,	279,	89),
(2734,	279,	90),
(2735,	280,	1),
(2736,	280,	23),
(2737,	280,	24),
(2738,	280,	32),
(2739,	281,	2),
(2740,	281,	33),
(2741,	282,	1),
(2742,	282,	4),
(2743,	282,	5),
(2744,	282,	6),
(2745,	282,	7),
(2746,	282,	8),
(2747,	282,	9),
(2748,	282,	12),
(2749,	282,	13),
(2750,	282,	14),
(2751,	282,	15),
(2752,	282,	16),
(2753,	282,	17),
(2754,	282,	18),
(2755,	282,	19),
(2756,	282,	20),
(2757,	282,	21),
(2758,	282,	22),
(2759,	282,	32),
(2760,	283,	1),
(2761,	283,	16),
(2762,	283,	29),
(2763,	283,	32),
(2764,	284,	1),
(2765,	284,	4),
(2766,	284,	5),
(2767,	284,	6),
(2768,	284,	7),
(2769,	284,	8),
(2770,	284,	9),
(2771,	284,	12),
(2772,	284,	13),
(2773,	284,	14),
(2774,	284,	15),
(2775,	284,	16),
(2776,	284,	17),
(2777,	284,	18),
(2778,	284,	19),
(2779,	284,	20),
(2780,	284,	21),
(2781,	284,	22),
(2782,	284,	32),
(2783,	285,	1),
(2784,	285,	23),
(2785,	285,	24),
(2786,	285,	32),
(2787,	286,	1),
(2788,	286,	29),
(2789,	286,	32),
(2790,	287,	1),
(2791,	287,	32),
(2792,	288,	1),
(2793,	288,	32),
(2794,	289,	2),
(2795,	289,	33),
(2796,	290,	2),
(2797,	290,	30),
(2798,	290,	31),
(2799,	290,	33),
(2800,	291,	1),
(2801,	291,	16),
(2802,	291,	29),
(2803,	291,	32),
(2804,	292,	1),
(2805,	292,	4),
(2806,	292,	5),
(2807,	292,	6),
(2808,	292,	7),
(2809,	292,	8),
(2810,	292,	9),
(2811,	292,	12),
(2812,	292,	13),
(2813,	292,	14),
(2814,	292,	15),
(2815,	292,	16),
(2816,	292,	17),
(2817,	292,	18),
(2818,	292,	19),
(2819,	292,	20),
(2820,	292,	21),
(2821,	292,	22),
(2822,	292,	32),
(2823,	293,	2),
(2824,	293,	33),
(2825,	294,	1),
(2826,	294,	2),
(2827,	294,	3),
(2828,	294,	4),
(2829,	294,	5),
(2830,	294,	6),
(2831,	294,	7),
(2832,	294,	8),
(2833,	294,	9),
(2834,	294,	10),
(2835,	294,	11),
(2836,	294,	12),
(2837,	294,	13),
(2838,	294,	14),
(2839,	294,	15),
(2840,	294,	16),
(2841,	294,	17),
(2842,	294,	18),
(2843,	294,	19),
(2844,	294,	20),
(2845,	294,	21),
(2846,	294,	22),
(2847,	294,	23),
(2848,	294,	24),
(2849,	294,	25),
(2850,	294,	26),
(2851,	294,	27),
(2852,	294,	28),
(2853,	294,	29),
(2854,	294,	30),
(2855,	294,	31),
(2856,	294,	32),
(2857,	294,	33),
(2858,	294,	34),
(2859,	294,	35),
(2860,	294,	36),
(2861,	294,	37),
(2862,	294,	38),
(2863,	294,	39),
(2864,	294,	40),
(2865,	294,	41),
(2866,	294,	42),
(2867,	294,	43),
(2868,	294,	44),
(2869,	294,	45),
(2870,	294,	46),
(2871,	294,	47),
(2872,	294,	48),
(2873,	294,	49),
(2874,	294,	50),
(2875,	294,	51),
(2876,	294,	52),
(2877,	294,	53),
(2878,	294,	54),
(2879,	294,	55),
(2880,	294,	56),
(2881,	294,	57),
(2882,	294,	58),
(2883,	294,	59),
(2884,	294,	60),
(2885,	294,	61),
(2886,	294,	62),
(2887,	294,	63),
(2888,	294,	64),
(2889,	294,	65),
(2890,	294,	66),
(2891,	294,	67),
(2892,	294,	68),
(2893,	294,	69),
(2894,	294,	70),
(2895,	294,	71),
(2896,	294,	72),
(2897,	294,	73),
(2898,	294,	74),
(2899,	294,	75),
(2900,	294,	76),
(2901,	294,	77),
(2902,	294,	78),
(2903,	294,	79),
(2904,	294,	80),
(2905,	294,	81),
(2906,	294,	82),
(2907,	294,	83),
(2908,	294,	84),
(2909,	294,	85),
(2910,	294,	86),
(2911,	294,	87),
(2912,	294,	88),
(2913,	294,	89),
(2914,	294,	90),
(2915,	295,	1),
(2916,	295,	2),
(2917,	295,	3),
(2918,	295,	32),
(2919,	295,	33),
(2920,	295,	34),
(2921,	296,	1),
(2922,	296,	4),
(2923,	296,	5),
(2924,	296,	6),
(2925,	296,	7),
(2926,	296,	8),
(2927,	296,	9),
(2928,	296,	12),
(2929,	296,	13),
(2930,	296,	14),
(2931,	296,	15),
(2932,	296,	16),
(2933,	296,	17),
(2934,	296,	18),
(2935,	296,	19),
(2936,	296,	20),
(2937,	296,	21),
(2938,	296,	22),
(2939,	296,	32),
(2940,	297,	1),
(2941,	297,	4),
(2942,	297,	5),
(2943,	297,	12),
(2944,	297,	32),
(2945,	297,	33),
(2946,	298,	1),
(2947,	298,	2),
(2948,	298,	8),
(2949,	298,	32),
(2950,	298,	33),
(2951,	299,	1),
(2952,	299,	13),
(2953,	299,	17),
(2954,	299,	32),
(2955,	300,	1),
(2956,	300,	16),
(2957,	300,	29),
(2958,	300,	32),
(2959,	301,	1),
(2960,	301,	16),
(2961,	301,	29),
(2962,	301,	32),
(2963,	302,	1),
(2964,	302,	29),
(2965,	302,	32),
(2966,	303,	1),
(2967,	303,	27),
(2968,	303,	28),
(2969,	303,	32),
(2970,	304,	1),
(2971,	304,	2),
(2972,	304,	29),
(2973,	304,	30),
(2974,	304,	31),
(2975,	304,	32),
(2976,	304,	33),
(2977,	305,	1),
(2978,	305,	6),
(2979,	305,	7),
(2980,	305,	19),
(2981,	305,	21),
(2982,	305,	22),
(2983,	305,	32),
(2984,	306,	3),
(2985,	306,	26),
(2986,	306,	34),
(2987,	307,	2),
(2988,	307,	3),
(2989,	307,	25),
(2990,	307,	33),
(2991,	307,	34),
(2992,	308,	2),
(2993,	308,	25),
(2994,	308,	33),
(2995,	309,	1),
(2996,	309,	23),
(2997,	309,	24),
(2998,	309,	32),
(2999,	310,	1),
(3000,	310,	4),
(3001,	310,	5),
(3002,	310,	6),
(3003,	310,	7),
(3004,	310,	8),
(3005,	310,	9),
(3006,	310,	12),
(3007,	310,	13),
(3008,	310,	14),
(3009,	310,	15),
(3010,	310,	16),
(3011,	310,	17),
(3012,	310,	18),
(3013,	310,	19),
(3014,	310,	20),
(3015,	310,	21),
(3016,	310,	22),
(3017,	310,	32),
(3018,	311,	1),
(3019,	311,	6),
(3020,	311,	7),
(3021,	311,	19),
(3022,	311,	32),
(3023,	312,	1),
(3024,	312,	6),
(3025,	312,	7),
(3026,	312,	19),
(3027,	312,	21),
(3028,	312,	22),
(3029,	312,	32),
(3030,	313,	1),
(3031,	313,	5),
(3032,	313,	12),
(3033,	313,	19),
(3034,	313,	32),
(3035,	314,	1),
(3036,	314,	6),
(3037,	314,	7),
(3038,	314,	19),
(3039,	314,	32),
(3040,	315,	1),
(3041,	315,	6),
(3042,	315,	7),
(3043,	315,	19),
(3044,	315,	32),
(3045,	316,	1),
(3046,	316,	4),
(3047,	316,	5),
(3048,	316,	32),
(3049,	317,	1),
(3050,	317,	2),
(3051,	317,	8),
(3052,	317,	32),
(3053,	317,	33),
(3054,	318,	1),
(3055,	318,	16),
(3056,	318,	32),
(3057,	319,	2),
(3058,	319,	30),
(3059,	319,	31),
(3060,	319,	33),
(3061,	320,	2),
(3062,	320,	30),
(3063,	320,	31),
(3064,	320,	33),
(3065,	321,	1),
(3066,	321,	4),
(3067,	321,	5),
(3068,	321,	6),
(3069,	321,	12),
(3070,	321,	13),
(3071,	321,	14),
(3072,	321,	19),
(3073,	321,	32),
(3074,	322,	1),
(3075,	322,	6),
(3076,	322,	7),
(3077,	322,	19),
(3078,	322,	20),
(3079,	322,	32),
(3080,	323,	1),
(3081,	323,	6),
(3082,	323,	7),
(3083,	323,	19),
(3084,	323,	21),
(3085,	323,	22),
(3086,	323,	32),
(3087,	324,	1),
(3088,	324,	4),
(3089,	324,	19),
(3090,	324,	32),
(3091,	325,	2),
(3092,	325,	30),
(3093,	325,	31),
(3094,	325,	33),
(3095,	326,	2),
(3096,	326,	30),
(3097,	326,	31),
(3098,	326,	33),
(3099,	327,	1),
(3100,	327,	2),
(3101,	327,	8),
(3102,	327,	32),
(3103,	328,	1),
(3104,	328,	6),
(3105,	328,	7),
(3106,	328,	19),
(3107,	328,	21),
(3108,	328,	22),
(3109,	328,	32),
(3110,	329,	1),
(3111,	329,	2),
(3112,	329,	6),
(3113,	329,	7),
(3114,	329,	19),
(3115,	329,	12),
(3116,	329,	22),
(3117,	329,	32),
(3118,	329,	33),
(3119,	330,	1),
(3120,	330,	6),
(3121,	330,	7),
(3122,	330,	19),
(3123,	330,	21),
(3124,	330,	22),
(3125,	330,	32);

DROP TABLE IF EXISTS `kampus`;
CREATE TABLE `kampus` (
  `id` int(7) NOT NULL AUTO_INCREMENT,
  `kampus` varchar(50) NOT NULL,
  PRIMARY KEY (`id`)
) ENGINE=InnoDB DEFAULT CHARSET=latin1;

INSERT INTO `kampus` (`id`, `kampus`) VALUES
(1,	'Universitas Sultan Ageng Tirtayasa'),
(2,	'Universitas Indonesia'),
(3,	'Universitas Negeri Jakarta'),
(4,	'Universitas Islam Negeri Syarif Hidayatullah'),
(5,	'Universitas Pembangunan Nasional Veteran (UPN)'),
(6,	'Politeknik Negeri Media Kreatif'),
(7,	'Universitas Pendidikan Indonesia'),
(8,	'Universitas Padjadjaran'),
(9,	'Institut Pertanian Bogor'),
(10,	'Institut Teknologi Bandung'),
(11,	'Politeknik Negeri Bandung'),
(12,	'Institut Teknologi Telkom'),
(13,	'Sekolah Tinggi Seni Indonesia'),
(14,	'Universitas Muhammadiyah Cirebon'),
(15,	'Universitas Swadaya Gunung Jati'),
(16,	'Universitas Siliwangi'),
(17,	'STMIK CIC'),
(18,	'Universitas Diponegoro'),
(19,	'Universitas Negeri Semarang'),
(20,	'Universitas Jenderal Soedirman'),
(21,	'Universitas Sebelas Maret'),
(22,	'Institut Seni Indonesia Surakarta'),
(23,	'Universitas Sultan Agung'),
(24,	'Politeknik Negeri Semarang'),
(25,	'Universitas Gadjah Mada'),
(26,	'Universitas Negeri Yogyakarta'),
(27,	'Institut Seni Indonesia Yogyakarta'),
(28,	'Universitas Islam Negeri Sunan Kalijaga'),
(29,	'Universitas Airlangga'),
(30,	'Universitas Negeri Surabaya'),
(31,	'Universitas Brawijaya'),
(32,	'Universitas Negeri Malang'),
(33,	'Universitas Islam Negeri Syekh Maulana Malik Ibrah'),
(34,	'Universitas Jember'),
(35,	'Universitas Trunojoyo'),
(36,	'Institut Teknologi Sepuluh Nopember'),
(37,	'Politeknik Negeri Jember'),
(38,	'Politeknik Elektronika Negeri Surabaya'),
(39,	'Politeknik Negeri Malang'),
(40,	'STMIK AMIKOM Yogyakarta');

DROP TABLE IF EXISTS `kampus_jurusan`;
CREATE TABLE `kampus_jurusan` (
  `id` int(7) NOT NULL AUTO_INCREMENT,
  `kampus_jurusan` varchar(70) NOT NULL,
  PRIMARY KEY (`id`)
) ENGINE=InnoDB DEFAULT CHARSET=latin1;

INSERT INTO `kampus_jurusan` (`id`, `kampus_jurusan`) VALUES
(1,	'Keguruan dan Ilmu Pendidikan'),
(2,	'Hukum'),
(3,	'Ekonomi'),
(4,	'ISIP'),
(5,	'Pertanian'),
(6,	'Teknik'),
(7,	'Kedokteran'),
(8,	'Kedokteran Gigi'),
(9,	'Ilmu Budaya'),
(10,	'Psykologi'),
(11,	'Kesehatan Masyarakat'),
(12,	'MIPA'),
(13,	'Ilmu Komputer'),
(14,	'Ilmu keperawatan'),
(15,	'Farmasi'),
(16,	'Administrasi'),
(17,	'Vokasi'),
(18,	'Bahasa dan Seni'),
(19,	'Olahraga'),
(20,	'Kedokteran Hewan'),
(21,	'Peternakan'),
(22,	'Peternakan dan Pertanian'),
(23,	'Teknologi Pertanian'),
(24,	'Ilmu Komunikasi'),
(25,	'Ilmu Sosial'),
(26,	'Teknik Sipil'),
(27,	'Teknik Mesin'),
(28,	'Teknik Mesin dan Dirgantara'),
(29,	'Teknik Informatika'),
(30,	'Manajemen Informatika'),
(31,	'Biologi'),
(32,	'Teknik Industri'),
(33,	'Teknik Listrik'),
(34,	'Teknik Kimia'),
(35,	'Akuntasi'),
(36,	'Akuntansi Manajemen'),
(37,	'Sastra'),
(38,	'Sains dan Teknologi'),
(39,	'Perikanan dan Ilmu Kelautan'),
(40,	'Kehutanan'),
(41,	'Teknik Elektronika'),
(42,	'Sistem Informatika'),
(43,	'Agama Islam'),
(44,	'Seni Rupa & Desain'),
(45,	'Seni Rupa Murni'),
(46,	'Filsafat'),
(47,	'Geografi'),
(48,	'Geologi'),
(49,	'Bahasa Inggris'),
(50,	'Sastra Inggris'),
(51,	'Teknologi Kelautan'),
(52,	'Sistem Kelistrikan'),
(53,	'Ilmu Tarbiyah dan Keguruan'),
(54,	'Adab dan Humaniora'),
(55,	'Ushuluddin'),
(56,	'Syariah dan Hukum'),
(57,	'Dirasat Islamiyah'),
(58,	'Teknik Grafika'),
(59,	'Desain Grafis'),
(60,	'Penerbitan'),
(61,	'Pendidikan Ilmu Pengetahuan Sosial'),
(62,	'Pendidikan Teknologi dan Kejuruan'),
(63,	'Pendidikan Ekonomi dan Bisnis'),
(64,	'Pendidikan Seni dan Desain'),
(65,	'Ekologi Manusia'),
(66,	'Teknik Pertambangan dan Perminyakan'),
(67,	'Ilmu dan Teknologi Kebumian'),
(68,	'Teknik Refrigerasi dan Tata Udara'),
(69,	'Teknik Konversi Energi'),
(70,	'Industri Kreatif'),
(71,	'Ilmu Terapan'),
(72,	'Seni Pertunjukan'),
(73,	'Seni Karawitan'),
(74,	'Seni Pedalangan'),
(75,	'Etnomsikologi'),
(76,	'Kriya Seni'),
(77,	'Desain Interior'),
(78,	'Televisi dan Film'),
(79,	'Seni Media Rekam'),
(80,	'Bahasa dan Sastra Arab'),
(81,	'Sejarah dan Kebudayaan Islam'),
(82,	'Ilmu Perpustakaan'),
(83,	'Manajemen Agribisnis'),
(84,	'Pariwisata'),
(85,	'Mekanika dan Energi'),
(86,	'Multimedia Kreatif'),
(87,	'Jaringan Komunikasi Digital'),
(88,	'Teknik Otomotif Elektronik'),
(89,	'Manajemen Pemasaran'),
(90,	'Manajemen Rekayasa Konstruksi');

DROP TABLE IF EXISTS `kampus_rel`;
CREATE TABLE `kampus_rel` (
  `id` int(7) NOT NULL AUTO_INCREMENT,
  `id_kampus` int(7) NOT NULL,
  `id_kampus_jurusan` int(7) NOT NULL,
  PRIMARY KEY (`id`)
) ENGINE=InnoDB DEFAULT CHARSET=latin1;

INSERT INTO `kampus_rel` (`id`, `id_kampus`, `id_kampus_jurusan`) VALUES
(1,	1,	1),
(2,	1,	2),
(3,	1,	3),
(4,	1,	4),
(5,	1,	5),
(6,	1,	6),
(7,	2,	7),
(8,	2,	3),
(9,	2,	2),
(10,	2,	8),
(11,	2,	6),
(12,	2,	9),
(13,	2,	10),
(14,	2,	11),
(15,	2,	12),
(16,	2,	4),
(17,	2,	13),
(18,	2,	14),
(19,	2,	15),
(20,	2,	16),
(21,	2,	17),
(22,	3,	1),
(23,	3,	18),
(24,	3,	12),
(25,	3,	4),
(26,	3,	6),
(27,	3,	19),
(28,	3,	3),
(29,	4,	53),
(30,	4,	54),
(31,	4,	55),
(32,	4,	56),
(33,	4,	24),
(34,	4,	57),
(35,	4,	10),
(36,	4,	3),
(37,	4,	38),
(38,	4,	7),
(39,	4,	4),
(40,	5,	3),
(41,	5,	7),
(42,	5,	4),
(43,	5,	6),
(44,	5,	13),
(45,	5,	2),
(46,	5,	11),
(47,	6,	58),
(48,	6,	59),
(49,	6,	60),
(50,	7,	1),
(51,	7,	61),
(52,	7,	18),
(53,	7,	12),
(54,	7,	62),
(55,	7,	19),
(56,	7,	63),
(57,	7,	64),
(58,	8,	48),
(59,	8,	15),
(60,	8,	23),
(61,	8,	39),
(62,	8,	14),
(63,	8,	24),
(64,	8,	21),
(65,	8,	10),
(66,	8,	4),
(67,	8,	9),
(68,	8,	8),
(69,	8,	5),
(70,	8,	2),
(71,	8,	12),
(72,	8,	7),
(73,	9,	3),
(74,	9,	5),
(75,	9,	20),
(76,	9,	39),
(77,	9,	21),
(78,	9,	40),
(79,	9,	23),
(80,	9,	12),
(81,	9,	3),
(82,	10,	65),
(83,	10,	12),
(84,	10,	66),
(85,	10,	32),
(86,	10,	28),
(87,	10,	44),
(88,	10,	26),
(89,	11,	67),
(90,	11,	26),
(91,	11,	27),
(92,	11,	68),
(93,	11,	69),
(94,	11,	41),
(95,	11,	34),
(96,	11,	29),
(97,	11,	35),
(98,	11,	16),
(99,	12,	49),
(100,	12,	33),
(101,	12,	32),
(102,	12,	13),
(103,	12,	3),
(104,	12,	24),
(105,	12,	70),
(106,	13,	71),
(107,	13,	72),
(108,	13,	44),
(109,	14,	9),
(110,	14,	6),
(111,	14,	1),
(112,	14,	3),
(113,	14,	11),
(114,	15,	4),
(115,	15,	2),
(116,	15,	3),
(117,	15,	4),
(118,	15,	5),
(119,	15,	6),
(120,	16,	1),
(121,	16,	3),
(122,	16,	6),
(123,	16,	5),
(124,	16,	43),
(125,	16,	11),
(126,	16,	4),
(127,	17,	29),
(128,	17,	30),
(129,	17,	35),
(130,	18,	7),
(131,	18,	6),
(132,	18,	2),
(133,	18,	3),
(134,	18,	39),
(135,	18,	12),
(136,	18,	22),
(137,	18,	9),
(138,	18,	4),
(139,	18,	11),
(140,	18,	10),
(141,	19,	1),
(142,	19,	18),
(143,	19,	4),
(144,	19,	12),
(145,	19,	6),
(146,	19,	3),
(147,	19,	2),
(148,	20,	5),
(149,	20,	31),
(150,	20,	3),
(151,	20,	21),
(152,	20,	2),
(153,	20,	4),
(154,	20,	7),
(155,	20,	6),
(156,	20,	9),
(157,	20,	11),
(158,	20,	12),
(159,	21,	1),
(160,	21,	9),
(161,	21,	3),
(162,	21,	4),
(163,	21,	2),
(164,	21,	5),
(165,	21,	7),
(166,	21,	6),
(167,	21,	12),
(168,	21,	44),
(169,	22,	44),
(170,	22,	73),
(171,	22,	74),
(172,	22,	75),
(173,	22,	45),
(174,	22,	76),
(175,	22,	77),
(176,	22,	78),
(177,	23,	7),
(178,	23,	8),
(179,	23,	14),
(180,	23,	3),
(181,	23,	10),
(182,	23,	2),
(183,	23,	43),
(184,	23,	18),
(185,	23,	24),
(186,	23,	1),
(187,	23,	32),
(188,	23,	6),
(189,	24,	26),
(190,	24,	27),
(191,	24,	41),
(192,	24,	35),
(193,	24,	16),
(194,	25,	31),
(195,	25,	3),
(196,	25,	15),
(197,	25,	46),
(198,	25,	47),
(199,	25,	2),
(200,	25,	9),
(201,	25,	4),
(202,	25,	7),
(203,	25,	8),
(204,	25,	20),
(205,	25,	40),
(206,	25,	12),
(207,	25,	5),
(208,	25,	21),
(209,	25,	10),
(210,	25,	6),
(211,	25,	23),
(212,	25,	17),
(213,	26,	1),
(214,	26,	12),
(215,	26,	18),
(216,	26,	25),
(217,	26,	6),
(218,	26,	19),
(219,	26,	3),
(220,	27,	45),
(221,	27,	72),
(222,	27,	25),
(223,	28,	80),
(224,	28,	81),
(225,	28,	82),
(226,	28,	50),
(227,	29,	7),
(228,	29,	8),
(229,	29,	2),
(230,	29,	15),
(231,	29,	20),
(232,	29,	4),
(233,	29,	38),
(234,	29,	11),
(235,	29,	10),
(236,	29,	9),
(237,	29,	14),
(238,	29,	17),
(239,	29,	39),
(240,	30,	12),
(241,	30,	25),
(242,	30,	6),
(243,	30,	3),
(244,	30,	1),
(245,	30,	19),
(246,	30,	18),
(247,	31,	2),
(248,	31,	3),
(249,	31,	16),
(250,	31,	5),
(251,	31,	21),
(252,	31,	6),
(253,	31,	7),
(254,	31,	39),
(255,	31,	12),
(256,	31,	23),
(257,	31,	4),
(258,	31,	9),
(259,	31,	20),
(260,	31,	8),
(261,	31,	13),
(262,	31,	17),
(263,	32,	1),
(264,	32,	37),
(265,	32,	12),
(266,	32,	3),
(267,	32,	6),
(268,	32,	19),
(269,	32,	25),
(270,	32,	10),
(271,	33,	53),
(272,	33,	56),
(273,	33,	54),
(274,	33,	10),
(275,	33,	3),
(276,	33,	38),
(277,	34,	37),
(278,	34,	3),
(279,	34,	2),
(280,	34,	1),
(281,	34,	11),
(282,	34,	4),
(283,	34,	12),
(284,	34,	5),
(285,	34,	6),
(286,	34,	15),
(287,	34,	23),
(288,	34,	7),
(289,	34,	8),
(290,	35,	2),
(291,	35,	3),
(292,	35,	5),
(293,	35,	6),
(294,	35,	4),
(295,	35,	1),
(296,	35,	43),
(297,	36,	12),
(298,	36,	32),
(299,	36,	26),
(300,	36,	51),
(301,	36,	29),
(302,	37,	5),
(303,	37,	23),
(304,	37,	21),
(305,	37,	83),
(306,	37,	29),
(307,	37,	18),
(308,	37,	24),
(309,	37,	84),
(310,	37,	11),
(311,	37,	6),
(312,	38,	41),
(313,	38,	29),
(314,	38,	85),
(315,	38,	86),
(316,	39,	41),
(317,	39,	27),
(318,	39,	26),
(319,	39,	34),
(320,	39,	35),
(321,	39,	16),
(322,	39,	52),
(323,	39,	87),
(324,	39,	29),
(325,	39,	88),
(326,	39,	36),
(327,	39,	89),
(328,	39,	90),
(329,	40,	29),
(330,	40,	42),
(331,	40,	30);

DROP TABLE IF EXISTS `sma`;
CREATE TABLE `sma` (
  `id` int(11) NOT NULL AUTO_INCREMENT,
  `sma` varchar(10) NOT NULL,
  PRIMARY KEY (`id`)
) ENGINE=InnoDB DEFAULT CHARSET=latin1;

INSERT INTO `sma` (`id`, `sma`) VALUES
(1,	'sma'),
(2,	'smk'),
(3,	'ma');

DROP TABLE IF EXISTS `sma_jurusan`;
CREATE TABLE `sma_jurusan` (
  `id` int(3) NOT NULL AUTO_INCREMENT,
  `sma_jurusan` varchar(20) NOT NULL,
  PRIMARY KEY (`id`)
) ENGINE=InnoDB DEFAULT CHARSET=latin1;

INSERT INTO `sma_jurusan` (`id`, `sma_jurusan`) VALUES
(1,	'MIPA'),
(2,	'IPS'),
(3,	'BAHASA DAN BUDAYA'),
(4,	'TEKNIK OTOMOTIF'),
(5,	'TEKNIK MESIN'),
(6,	'TKJ'),
(7,	'RPL'),
(8,	'TEKNIK BANGUNAN'),
(9,	'TEKNIK GRAFIKA'),
(10,	'TATA BUSANA'),
(11,	'TATA BOGA'),
(12,	'TEKNIK INDUSTRI'),
(13,	'TEKNIK PERKAPALAN'),
(14,	'TEKNOLOGI PESAWAT UD'),
(15,	'GEOLOGI PERTAMBANGAN'),
(16,	'TEKNIK KIMIA'),
(17,	'PELAYARAN'),
(18,	'TEKNIK PERMINYAKAN'),
(19,	'TEKNIK ELEKTRONIKA'),
(20,	'TEKNIK TELEKOMUNIKAS'),
(21,	'MULTIMEDIA'),
(22,	'TEKNIK BROADCASTING'),
(23,	'TEKNIK FARMASI'),
(24,	'KEPERAWATAN'),
(25,	'PARIWISATA'),
(26,	'KESENIAN'),
(27,	'PERIKANAN'),
(28,	'PETERNAKAN'),
(29,	'PERTANIAN'),
(30,	'AKUNTANSI'),
(31,	'PERBANKAN');

DROP TABLE IF EXISTS `sma_rel`;
CREATE TABLE `sma_rel` (
  `id` int(7) NOT NULL AUTO_INCREMENT,
  `id_sma` int(7) NOT NULL,
  `id_sma_jurusan` int(7) NOT NULL,
  PRIMARY KEY (`id`)
) ENGINE=InnoDB DEFAULT CHARSET=latin1;

INSERT INTO `sma_rel` (`id`, `id_sma`, `id_sma_jurusan`) VALUES
(1,	1,	1),
(2,	1,	2),
(3,	1,	3),
(4,	2,	4),
(5,	2,	5),
(6,	2,	6),
(7,	2,	7),
(8,	2,	8),
(9,	2,	9),
(10,	2,	10),
(11,	2,	11),
(12,	2,	12),
(13,	2,	13),
(14,	2,	14),
(15,	2,	15),
(16,	2,	16),
(17,	2,	17),
(18,	2,	18),
(19,	2,	19),
(20,	2,	20),
(21,	2,	21),
(22,	2,	22),
(23,	2,	23),
(24,	2,	24),
(25,	2,	25),
(26,	2,	26),
(27,	2,	27),
(28,	2,	28),
(29,	2,	29),
(30,	2,	30),
(31,	2,	31),
(32,	3,	1),
(33,	3,	2),
(34,	3,	3);

DROP TABLE IF EXISTS `users`;
CREATE TABLE `users` (
  `id` int(10) unsigned NOT NULL AUTO_INCREMENT,
  `username` varchar(50) DEFAULT NULL,
  `password` varchar(255) DEFAULT NULL,
  `role` varchar(20) DEFAULT NULL,
  `created` datetime DEFAULT NULL,
  `modified` datetime DEFAULT NULL,
  PRIMARY KEY (`id`)
) ENGINE=InnoDB DEFAULT CHARSET=latin1;

INSERT INTO `users` (`id`, `username`, `password`, `role`, `created`, `modified`) VALUES
(3,	'admin',	'$2y$10$buNyuvPUsdVJtaJbKULIt.b3lA0l5.Di/m4QS/cF/ZyyOyPJQe.ZG',	'',	'2016-02-20 04:26:04',	'2016-02-20 04:26:04');

-- 2016-03-11 00:08:59
